first_name,last_name
Daan,Peeters
Steve,Murray
Hugh,O'Reilly
Alexandre,Rocha
Manoj,Pareek
František,Wichterlová
Camille,Bernard
Kathy,Chase
Joakim,Johansson
Julia,Barnett
Patrick,Gray
Fernanda,Ramos
Wyatt,Girard
Enrique,Muñoz
Diego,Gutiérrez
Tim,Goyer
Frank,Ralston
Richard,Cunningham
Johannes,Van der Berg
Robert,Brown
Marc,Dubois
Mark,Philips
Martha,Silk
Luís,Gonçalves
Fynn,Zimmermann
Ellie,Sullivan
Eduardo,Martins
Emma,Jones
Hannah,Schneider
Luis,Rojas
Aaron,Mitchell
Madalena,Sampaio
Kara,Nielsen
Dan,Miller
François,Tremblay
Edward,Francis
Leonie,Köhler
Michelle,Brooks
Stanisław,Wójcik
Dominique,Lefebvre
Phil,Hughes
John,Gordon
Bjørn,Hansen
Helena,Holý
João,Fernandes
Frank,Harris
Heather,Leacock
Roberto,Almeida
Jennifer,Peterson
Lucas,Mancini
Ladislav,Kovács
Terhi,Hämäläinen
Mark,Taylor
Niklas,Schröder
Astrid,Gruber
Puja,Srivastava
Victor,Stevens
Jack,Smith
Isabelle,Mercier
(59 rows)
